2022,SatJan 1,
2022,ThuJan 13,Tentative
2022,SatJan 15,
2022,SatJan 22,
2022,SatFeb 5,
2022,SatFeb 12,
2022,SatFeb 19,
2022,SatFeb 26,
2022,SatMar 5,
2022,SatMar 12,
2022,SatMar 19,
2022,SatApr 9,
2022,SatApr 16,
2022,WedApr 20,8:32am
2022,SatApr 30,
2022,SatMay 7,
2022,SatMay 14,
2022,SatMay 21,
2022,SatMay 28,
2022,SunMay 29,
2022,SatJun 4,
2022,SatJan 1,
2022,ThuJan 13,Tentative
2022,SatJan 15,
2022,SatJan 22,
2022,SatFeb 5,
2022,SatFeb 12,
2022,SatFeb 19,
2022,SatFeb 26,
2022,SatMar 5,
2022,SatMar 12,
2022,SatMar 19,
2022,SatApr 9,
2022,SatApr 16,
2022,SatApr 30,
2022,SatMay 7,
2022,SatMay 14,
2022,SatMay 21,
2022,SatMay 28,
2022,SunMay 29,
